

INSERT INTO categorias_reciclaje (id_categoria, nombre_categoria) VALUES
('1','Papel y Cartón'),
('2','Plásticos'),
('3','Vidrio'),
('4','Metales'),
('5','Orgánicos'),
('6','Electrónicos'),
('7','Textiles'),
('8','Peligrosos');

INSERT INTO tipos_material (id_material, id_categoria, nombre_material, descripcion, tiempo_descomposicion) VALUES
('1','1', 'Periódicos', 'Periódicos y revistas', '2-4 semanas'),
('2','1', 'Cartón corrugado', 'Cajas de cartón para embalaje', '2 meses'),
('3','1', 'Papel de oficina', 'Hojas de papel blanco y de color', '2-4 semanas'),
('4','1', 'Tetra Pak', 'Envases de leche, jugos y alimentos', '5 años'),
('5','2', 'PET', 'Botellas de agua y refrescos', '100-1000 años'),
('6','2', 'HDPE', 'Envases de detergente, champú, yogurt', '100-1000 años'),
('7','2', 'PVC', 'Tuberías, algunos envases', '100-1000 años'),
('8','2', 'LDPE', 'Bolsas plásticas, film transparente', '100-1000 años'),
('9','2', 'PP', 'Tapas, envases de comida, pajitas', '100-1000 años'),
('10','2', 'PS', 'Unicel, vasos desechables', '100-1000 años'),
('11','3', 'Vidrio transparente', 'Botellas y frascos transparentes', '4000 años'),
('12','3', 'Vidrio verde', 'Botellas de vino y cerveza verde', '4000 años'),
('13','3', 'Vidrio ámbar', 'Botellas de cerveza ámbar', '4000 años'),
('14','4', 'Aluminio', 'Latas de refresco, foil aluminio', '200-500 años'),
('15','4', 'Acero', 'Latas de conservas, objetos metálicos', '50-100 años'),
('16','4', 'Cobre', 'Cables, tuberías', '50-100 años'),
('17','5', 'Restos de comida', 'Frutas, verduras, alimentos', '2-4 semanas'),
('18','5', 'Podas de jardín', 'Hojas, ramas, césped', '2-6 meses'),
('19','5', 'Papel sucio', 'Servilletas, papel con grasa', '2-4 semanas');


INSERT INTO centros_reciclaje (id_centro, nombre_centro, direccion, telefono, horario_atencion, latitud, longitud) VALUES
('1','Centro de Acopio Usaquén', 'Calle 127 # 15-60', '601 7451234', 'Lunes a Viernes: 8:00 - 17:00', 4.7050, -74.0320),
('2','Punto Limpio Cedritos', 'Carrera 19 # 141-25', '601 7455678', 'Lunes a Sábado: 7:00 - 19:00', 4.7180, -74.0380),
('3','EcoPoint Unicentro', 'Av. Carrera 15 # 124-30', '601 7459012', 'Todos los días: 10:00 - 22:00', 4.7065, -74.0412),
('4','Centro de Reciclaje Chapinero', 'Calle 63 # 13-24', '601 3201234', 'Lunes a Viernes: 7:30 - 16:30', 4.6480, -74.0620),
('5','Punto Verde Zona G', 'Calle 70 # 5-23', '601 3205678', 'Lunes a Sábado: 8:00 - 18:00', 4.6580, -74.0580),
('6','Estación Ecológica Lourdes', 'Carrera 13 # 63-45', '601 3209012', 'Martes a Domingo: 9:00 - 17:00', 4.6520, -74.0600),
('7','Centro de Acopio Centro', 'Calle 19 # 5-35', '601 2821234', 'Lunes a Viernes: 8:00 - 17:00', 4.6100, -74.0720),
('8','Punto Limpio La Candelaria', 'Carrera 5 # 12-68', '601 2825678', 'Miércoles a Domingo: 9:00 - 16:00', 4.5960, -74.0720),
('9','EcoCentro San Victorino', 'Calle 13 # 12-45', '601 2829012', 'Lunes a Sábado: 7:00 - 19:00', 4.6050, -74.0750),
('10','Centro Ambiental San Cristóbal', 'Calle 4 Sur # 3-45 Este', '601 2051234', 'Lunes a Viernes: 8:00 - 16:00', 4.5680, -74.0850),
('11','Punto Verde 20 de Julio', 'Diagonal 22 # 5-67', '601 2055678', 'Martes a Domingo: 8:00 - 17:00', 4.5750, -74.0920),
('12','Centro de Reciclaje Usme', 'Carrera 1 # 50-23 Sur', '601 4601234', 'Lunes a Sábado: 7:00 - 18:00', 4.5000, -74.1100),
('13','EcoPoint Ciudad Usme', 'Calle 65 Sur # 2-45', '601 4605678', 'Lunes a Viernes: 8:00 - 17:00', 4.4950, -74.1150),
('14','Centro Ambiental Tunjuelito', 'Calle 48B Sur # 22-34', '601 7691234', 'Lunes a Viernes: 7:30 - 16:30', 4.5680, -74.1450),
('15','Punto Limpio Tunjuelito', 'Carrera 27 # 49-12 Sur', '601 7695678', 'Martes a Domingo: 8:00 - 17:00', 4.5720, -74.1420),
('16','Centro de Acopio Bosa', 'Calle 65 Sur # 80-23', '601 4391234', 'Lunes a Sábado: 7:00 - 19:00', 4.6150, -74.1950),
('17','EcoPoint Bosa Centro', 'Transversal 86 # 60-45 Sur', '601 4395678', 'Lunes a Viernes: 8:00 - 17:00', 4.6180, -74.1920),
('18','Centro de Reciclaje Kennedy', 'Carrera 80 # 40-56 Sur', '601 4609012', 'Lunes a Domingo: 6:00 - 20:00', 4.6350, -74.1520),
('19','Punto Limpio Metrovivienda', 'Calle 38 Sur # 78-34', '601 4603456', 'Lunes a Sábado: 7:00 - 18:00', 4.6400, -74.1480),
('20','EcoCentro Kennedy Central', 'Diagonal 75 # 25-12', '601 4607890', 'Todos los días: 8:00 - 20:00', 4.6300, -74.1550),
('21','Centro Ambiental Fontibón', 'Calle 17 # 98-45', '601 4131234', 'Lunes a Viernes: 8:00 - 17:00', 4.6820, -74.1420),
('22','Punto Verde Fontibón', 'Carrera 108 # 22-34', '601 4135678', 'Martes a Domingo: 9:00 - 18:00', 4.6850, -74.1380),
('23','Centro de Acopio Engativá', 'Calle 80 # 105-23', '601 5931234', 'Lunes a Sábado: 7:00 - 19:00', 4.6980, -74.0850),
('24','Punto Limpio Engativá Centro', 'Av. Boyacá # 70-45', '601 5935678', 'Lunes a Viernes: 8:00 - 17:00', 4.6920, -74.0880),
('25','EcoPoint Álamos', 'Carrera 72 # 82-12', '601 5939012', 'Todos los días: 8:00 - 20:00', 4.6950, -74.0820),
('26','Centro de Reciclaje Suba', 'Calle 145 # 105-34', '601 6841234', 'Lunes a Domingo: 6:00 - 22:00', 4.7450, -74.0720),
('27','Punto Limpio Suba Rincón', 'Carrera 91 # 128-45', '601 6845678', 'Lunes a Sábado: 7:00 - 19:00', 4.7380, -74.0680),
('28','EcoCentro Suba Centro', 'Calle 139 # 98-23', '601 6849012', 'Martes a Domingo: 8:00 - 18:00', 4.7420, -74.0750),
('29','Centro Ambiental Barrios Unidos', 'Calle 63 # 22-45', '601 2361234', 'Lunes a Viernes: 8:00 - 17:00', 4.6680, -74.0780),
('30','Punto Verde Modelia', 'Carrera 68 # 45-12', '601 2365678', 'Lunes a Sábado: 8:00 - 18:00', 4.6720, -74.0820),
('31','Centro de Reciclaje Teusaquillo', 'Calle 39 # 18-34', '601 2111234', 'Lunes a Viernes: 7:30 - 16:30', 4.6350, -74.0720),
('32','Punto Limpio Galerías', 'Carrera 23 # 42-56', '601 2115678', 'Todos los días: 9:00 - 21:00', 4.6380, -74.0680),
('33','Centro de Acopio Los Mártires', 'Calle 17 # 12-45', '601 3411234', 'Lunes a Sábado: 7:00 - 18:00', 4.6050, -74.0850),
('34','EcoPoint Sanandresito', 'Carrera 24 # 15-67', '601 3415678', 'Lunes a Viernes: 8:00 - 17:00', 4.6080, -74.0820),
('35','Centro Ambiental Antonio Nariño', 'Calle 22 Sur # 8-34', '601 4771234', 'Martes a Domingo: 8:00 - 17:00', 4.5850, -74.0950),
('36','Punto Verde Restrepo', 'Carrera 24 # 22-45 Sur', '601 4775678', 'Lunes a Sábado: 7:00 - 19:00', 4.5820, -74.0920),
('37','Centro de Reciclaje Puente Aranda', 'Calle 13 # 35-67', '601 3791234', 'Lunes a Viernes: 8:00 - 17:00', 4.6250, -74.1050),
('38','Punto Limpio Puente Aranda', 'Carrera 40 # 17-23', '601 3795678', 'Lunes a Sábado: 7:00 - 18:00', 4.6280, -74.1020),
('39','Centro Histórico de Reciclaje', 'Calle 11 # 6-45', '601 3421234', 'Miércoles a Domingo: 10:00 - 16:00', 4.5980, -74.0720),
('40','EcoPoint Museo del Oro', 'Carrera 6 # 15-88', '601 3425678', 'Martes a Domingo: 9:00 - 17:00', 4.6010, -74.0700),
('41','Centro Ambiental Rafael Uribe', 'Calle 27 Sur # 15-34', '601 7681234', 'Lunes a Viernes: 8:00 - 17:00', 4.5750, -74.1050),
('42','Punto Limpio Diana Turbay', 'Diagonal 44 # 18-45 Sur', '601 7685678', 'Lunes a Sábado: 7:00 - 19:00', 4.5780, -74.1080),
('43','Centro de Acopio Ciudad Bolívar', 'Calle 62 Sur # 80-23', '601 7301234', 'Lunes a Sábado: 7:00 - 18:00', 4.5500, -74.1550),
('44','EcoPoint Paraíso', 'Transversal 86 # 62-45 Sur', '601 7305678', 'Martes a Domingo: 8:00 - 17:00', 4.5550, -74.1520);
INSERT INTO centros_materiales (id_centro, id_material) VALUES
(1, 1), (1, 2), (1, 3), (1, 4), (1, 5), (1, 6), (1, 10), (1, 11), (1, 12),
(2, 1), (2, 2), (2, 3), (2, 4), (2, 5), (2, 10), (2, 11),
(3, 1), (3, 2), (3, 3), (3, 4), (3, 5), (3, 6), (3, 10), (3, 11), (3, 12),
(4, 1), (4, 2), (4, 3), (4, 4), (4, 5), (4, 6), (4, 10), (4, 11), (4, 12), (4, 13),
(5, 1), (5, 2), (5, 3), (5, 4), (5, 5), (5, 10), (5, 11),
(6, 1), (6, 2), (6, 3), (6, 4), (6, 5), (6, 6), (6, 10), (6, 11), (6, 12),
(7, 1), (7, 2), (7, 3), (7, 4), (7, 5), (7, 6), (7, 10), (7, 11), (7, 12), (7, 13),
(8, 1), (8, 2), (8, 3), (8, 4), (8, 5), (8, 10), (8, 11),
(9, 1), (9, 2), (9, 3), (9, 4), (9, 5), (9, 6), (9, 10), (9, 11), (9, 12),
(10, 1), (10, 2), (10, 3), (10, 4), (10, 5), (10, 10), (10, 11),
(11, 1), (11, 2), (11, 3), (11, 4), (11, 5), (11, 6), (11, 10), (11, 11), (11, 12),
(12, 1), (12, 2), (12, 3), (12, 4), (12, 5), (12, 10), (12, 11),
(13, 1), (13, 2), (13, 3), (13, 4), (13, 5), (13, 6), (13, 10), (13, 11), (13, 12),
(14, 1), (14, 2), (14, 3), (14, 4), (14, 5), (14, 10), (14, 11),
(15, 1), (15, 2), (15, 3), (15, 4), (15, 5), (15, 6), (15, 10), (15, 11), (15, 12),
(16, 1), (16, 2), (16, 3), (16, 4), (16, 5), (16, 10), (16, 11),
(17, 1), (17, 2), (17, 3), (17, 4), (17, 5), (17, 6), (17, 10), (17, 11), (17, 12),
(18, 1), (18, 2), (18, 3), (18, 4), (18, 5), (18, 6), (18, 10), (18, 11), (18, 12), (18, 13),
(19, 1), (19, 2), (19, 3), (19, 4), (19, 5), (19, 10), (19, 11),
(20, 1), (20, 2), (20, 3), (20, 4), (20, 5), (20, 6), (20, 10), (20, 11), (20, 12),
(21, 1), (21, 2), (21, 3), (21, 4), (21, 5), (21, 10), (21, 11),
(22, 1), (22, 2), (22, 3), (22, 4), (22, 5), (22, 6), (22, 10), (22, 11), (22, 12),
(23, 1), (23, 2), (23, 3), (23, 4), (23, 5), (23, 6), (23, 10), (23, 11), (23, 12),
(24, 1), (24, 2), (24, 3), (24, 4), (24, 5), (24, 10), (24, 11),
(25, 1), (25, 2), (25, 3), (25, 4), (25, 5), (25, 6), (25, 10), (25, 11), (25, 12),
(26, 1), (26, 2), (26, 3), (26, 4), (26, 5), (26, 6), (26, 10), (26, 11), (26, 12), (26, 13),
(27, 1), (27, 2), (27, 3), (27, 4), (27, 5), (27, 10), (27, 11),
(28, 1), (28, 2), (28, 3), (28, 4), (28, 5), (28, 6), (28, 10), (28, 11), (28, 12),
(29, 1), (29, 2), (29, 3), (29, 4), (29, 5), (29, 10), (29, 11),
(30, 1), (30, 2), (30, 3), (30, 4), (30, 5), (30, 6), (30, 10), (30, 11), (30, 12);
INSERT INTO noticias_reciclaje (titulo, resumen, contenido, fecha_publicacion, fuente) VALUES
(  'Bogotá incrementa en 15% el reciclaje en 2024',
    'La ciudad alcanzó nuevas metas en reciclaje gracias a programas de concientización y mejoras en la infraestructura de recolección.',
    'Bogotá ha logrado un incremento del 15% en las tasas de reciclaje durante el primer trimestre de 2024, según reportes de la Secretaría de Ambiente. Este avance se debe a la implementación de nuevos programas educativos y la instalación de 500 contenedores adicionales en puntos estratégicos de la ciudad. La alcaldía destaca que la participación ciudadana ha sido fundamental para alcanzar estas cifras récord.',
    '2024-03-15',
    'Alcaldía de Bogotá'
),
(
    'Nuevos puntos ecológicos en estaciones de TransMilenio',
    'Instalación de 50 nuevos puntos de reciclaje en estaciones principales del sistema de transporte masivo.',
    'El sistema TransMilenio incorporó 50 puntos ecológicos para facilitar el reciclaje a los ciudadanos durante sus desplazamientos. Estas estaciones cuentan con contenedores diferenciados para plástico, papel, vidrio y metal. La iniciativa busca aprovechar los altos flujos de personas en el sistema de transporte para incrementar las tasas de reciclaje en la capital.',
    '2024-03-10',
    'Secretaría de Ambiente'
),
(
    'Campaña "Recicla por Bogotá" supera expectativas',
    'Más de 100.000 familias participaron en la iniciativa de reciclaje residencial durante el primer mes.',
    'La campaña municipal "Recicla por Bogotá" logró la participación récord de 100.000 familias bogotanas en su primer mes de implementación. El programa incluye recolección diferenciada puerta a puerta y talleres educativos sobre separación en la fuente. Las localidades con mayor participación fueron Suba, Engativá y Kennedy, según reportes de la UAESP.',
    '2024-03-05',
    'UAESP'
),
(
    'Bogotá implementa recolección diferenciada de residuos en 5 localidades más',
    'Nuevo sistema de recolección por colores se expande a Usaquén, Suba, Engativá, Fontibón y Kennedy.',
    'El programa de recolección diferenciada llegará a cinco localidades adicionales a partir del próximo mes. El sistema utiliza un código de colores: blanco para aprovechables, verde para orgánicos y negro para no aprovechables. La expansión beneficiará a más de 2 millones de habitantes y se espera incrementar en un 25% la tasa de reciclaje en estas zonas.',
    '2024-02-28',
    'Alcaldía de Bogotá'
),
(
    'Empresas bogotanas se unen al pacto por el reciclaje inclusivo',
    '50 empresas privadas se comprometen a fortalecer la cadena de reciclaje y apoyar a recicladores de oficio.',
    'Un grupo de 50 empresas bogotanas firmó el "Pacto por el Reciclaje Inclusivo", comprometiéndose a implementar prácticas sostenibles y apoyar a los recicladores de oficio. El acuerdo incluye la compra de materiales reciclados, mejoras en la separación interna y programas de capacitación para trabajadores. Se espera que esta alianza genere 500 nuevos empleos verdes en la ciudad.',
    '2024-02-20',
    'Cámara de Comercio de Bogotá'
),
(
    'Bogotá inaugura el primer centro de aprovechamiento de residuos orgánicos',
    'Nueva planta procesará 50 toneladas diarias de residuos orgánicos para producir compost agrícola.',
    'La ciudad puso en marcha el primer centro especializado en el aprovechamiento de residuos orgánicos, ubicado en la localidad de Bosa. La planta tiene capacidad para procesar 50 toneladas diarias de desechos orgánicos, transformándolos en compost de alta calidad para uso agrícola. Este proyecto reducirá en un 30% los residuos que llegan al relleno sanitario Doña Juana.',
    '2024-02-15',
    'Secretaría de Ambiente'
),
(
    'App móvil para reciclaje gana premio de innovación ambiental',
    'Aplicación desarrollada en Bogotá facilita el reciclaje a través de geolocalización y recordatorios inteligentes.',
    'Una aplicación móvil desarrollada por emprendedores bogotanos recibió el premio nacional de innovación ambiental. La app permite a los usuarios localizar puntos de reciclaje cercanos, recibir recordatorios de recolección y acceder a información sobre separación de residuos. La herramienta ya cuenta con más de 50.000 descargas en la capital.',
    '2024-02-10',
    'Ministerio de Ambiente'
),
(
    'Bogotá reduce uso de plásticos de un solo uso en edificios públicos',
    'Nueva normativa prohíbe plásticos desechables en todas las entidades distritales.',
    'A partir de abril, todos los edificios públicos de Bogotá eliminarán los plásticos de un solo uso como vasos, platos y cubiertos desechables. La medida afecta a más de 500 entidades distritales y se estima que reducirá en 120 toneladas anuales el consumo de plásticos. La administración distrital promoverá el uso de alternativas reutilizables y biodegradables.',
    '2024-02-05',
    'Alcaldía de Bogotá'
),
(
    'Programa de reciclaje en colegios bogotanos educa a nueva generación',
    '500 instituciones educativas implementan proyectos ambientales escolares sobre manejo de residuos.',
    'El programa "Colegios Verdes" ha capacitado a más de 200.000 estudiantes en prácticas de reciclaje y cuidado ambiental. Las instituciones participantes han reducido en un 40% la generación de residuos y han implementado sistemas de compostaje escolar. Los mejores proyectos reciben reconocimientos y apoyos para su continuidad.',
    '2024-01-30',
    'Secretaría de Educación'
),
(
    'Bogotá avanza hacia la economía circular con nuevo centro de innovación',
    'Centro de investigación promoverá el desarrollo de negocios verdes basados en el reciclaje.',
    'La ciudad inauguró el Centro de Innovación en Economía Circular, un espacio dedicado a la investigación y desarrollo de modelos de negocio sostenibles. El centro apoyará a emprendedores que trabajen con materiales reciclados y promoverá la creación de cadenas de valor alrededor de los residuos. Se espera incubar 100 nuevos emprendimientos verdes durante el primer año.',
    '2024-01-25',
    'Alcaldía de Bogotá'
);
